{"0.9385748767554607":{"user_id":1},"0.35146017458768397":{"user_id":1},"0.749348854000947":{"user_id":1},"0.20433808144961496":{"user_id":1},"0.2169057688395637":{"user_id":1},"0.30653382735860313":{"user_id":1},"0.13850470138059823":{"user_id":1}}